sid,generation,fitness,duration_mean,waiting_mean,time_loss,speed,sin_llegar,trabada,pasos,vehicles
0,0,0.0037275096401572227,189.484,71.629,119.2,7.84,0,False,1371,763.0
1,0,0.0031579595524817705,219.164,88.633,148.86,7.03,0,False,1467,763.0
2,0,0.003514232812449336,201.875,75.165,131.59,7.29,0,False,1360,763.0
3,0,0.0028774093370884657,234.78,102.505,164.49,6.72,0,False,1449,763.0
4,0,0.003322259057313204,210.938,81.874,140.62,7.16,0,False,1419,763.0
5,0,0.0031616641208529472,218.693,88.723,148.39,7.03,0,False,1483,763.0
6,0,0.002427260624244809,266.809,131.98,196.51,6.37,0,False,1865,763.0
7,0,0.003313395194709301,211.651,81.958,141.35,7.02,0,False,1392,763.0
8,0,0.001702665351331234,351.4,214.468,281.15,6.2,0,False,2995,763.0
9,0,0.003032970940694213,225.469,94.764,155.22,6.97,0,False,1515,763.0
10,0,0.0027157808654010296,244.919,112.09,174.65,6.66,0,False,1810,763.0
11,0,0.0022256725933402777,284.278,150.022,214.0,6.23,0,False,2174,763.0
12,0,0.0032452824525535107,214.351,85.262,144.05,6.9,0,False,1364,763.0
13,0,0.00312707107514143,220.409,90.345,150.11,6.89,0,False,1492,763.0
14,0,0.0029447521083056927,230.64,99.043,160.37,6.67,0,False,1450,763.0
15,0,0.0032366893719881773,215.08,85.343,144.81,6.93,0,False,1415,763.0
16,0,0.003357339184731245,209.476,80.345,139.17,7.14,0,False,1389,763.0
17,0,0.002562410430982709,255.338,122.654,185.08,6.47,0,False,1813,763.0
18,0,0.0031971950083971024,216.921,87.139,146.65,7.03,0,False,1528,763.0
19,0,0.002174136694520712,289.62,154.848,219.32,6.05,0,False,1825,763.0
20,1,0.0033581105526536703,209.093,80.63,138.8,7.09,0,False,1400,763.0
21,1,0.003297952003777027,211.95,82.971,141.67,7.21,0,False,1417,763.0
22,1,0.003280513919889927,212.383,84.043,142.1,6.92,0,False,1419,763.0
23,1,0.0035057200584560633,202.996,74.775,132.72,7.28,0,False,1346,763.0
24,1,0.003470674389973283,204.439,76.081,134.16,7.26,0,False,1418,763.0
25,1,0.0034288696479052305,206.275,77.606,135.98,7.19,0,False,1453,763.0
26,1,0.003384321229532361,208.902,78.708,138.59,7.11,0,False,1341,763.0
27,1,0.003658086294308305,197.304,69.148,127.02,7.47,0,False,1350,763.0
28,1,0.002472466789186001,263.405,128.227,193.09,6.43,0,False,1744,763.0
29,1,0.003325287951156497,211.388,81.216,141.11,7.12,0,False,1441,763.0
30,1,0.0033104808535426855,212.051,81.836,141.75,7.03,0,False,1394,763.0
31,1,0.003206907771527767,216.476,86.683,146.14,6.96,0,False,1491,763.0
32,1,0.003175877034664154,217.537,88.488,147.26,6.92,0,False,1377,763.0
33,1,0.0023694040719419718,272.345,136.093,202.09,6.4,0,False,1772,763.0
34,1,0.0032828752882778645,212.889,83.384,142.62,7.12,0,False,1409,763.0
35,1,0.0027400527615100145,243.772,110.168,173.48,6.71,0,False,1498,763.0
36,1,0.003308933461084962,211.662,82.318,141.38,7.09,0,False,1384,763.0
37,1,0.003076615510508418,223.051,92.71,152.75,6.87,0,False,1403,763.0
38,1,0.003456937614828348,205.547,76.115,135.27,7.3,0,False,1403,763.0
39,2,0.0035161455161869526,203.279,73.748,132.98,7.31,0,False,1350,763.0
40,2,0.0032680172007530928,213.961,83.668,143.66,7.06,0,False,1377,763.0
41,2,0.0036329892463982105,198.214,70.038,127.92,7.44,0,False,1430,763.0
42,2,0.003548482432961464,201.545,72.969,131.25,7.26,0,False,1351,763.0
43,2,0.0033851696643978357,208.691,78.832,138.41,7.2,0,False,1419,763.0
44,2,0.003309081308543682,211.811,82.17,141.5,7.11,0,False,1364,763.0
45,2,0.0035141115076839924,202.512,74.595,132.21,7.33,0,False,1369,763.0
46,2,0.0036519302520900965,197.381,69.497,127.09,7.46,0,False,1351,763.0
47,2,0.003596681635826826,200.299,70.668,129.98,7.34,0,False,1335,763.0
48,2,0.0035362024791538715,202.139,73.318,131.88,7.35,0,False,1341,763.0
49,2,0.0034229783341288567,206.676,77.697,136.38,7.22,0,False,1487,763.0
50,2,0.003618336282670498,198.961,70.372,128.69,7.41,0,False,1401,763.0
51,2,0.0035899411886930466,200.326,71.118,130.03,7.38,0,False,1396,763.0
52,2,0.0034205305855721235,206.244,78.28,135.95,7.26,0,False,1483,763.0
53,2,0.003621283220127225,199.191,69.958,128.9,7.39,0,False,1368,763.0
54,2,0.003626017365604639,198.472,70.284,128.18,7.44,0,False,1400,763.0
55,2,0.0034605872351676226,204.907,76.419,134.63,7.28,0,False,1423,763.0
56,2,0.0035788179375231266,200.765,71.506,130.5,7.35,0,False,1375,763.0
57,2,0.0034798469860106707,204.768,75.092,134.49,7.29,0,False,1478,763.0
58,3,0.0036660870537161827,196.927,68.949,126.64,7.48,0,False,1362,763.0
59,3,0.0032767930533736944,212.151,84.569,141.86,7.09,0,False,1447,763.0
60,3,0.003217092016711831,214.684,87.414,144.38,7.07,0,False,1482,763.0
61,3,0.0036420170217752457,197.857,69.742,127.57,7.54,0,False,1393,763.0
62,3,0.0035245020408183336,202.511,73.834,132.21,7.31,0,False,1393,763.0
63,3,0.003384573617950082,207.969,79.536,137.67,7.22,0,False,1422,763.0
64,3,0.0036578867584466934,195.886,70.451,125.59,7.59,0,False,1384,763.0
65,3,0.0035571809858083725,201.646,72.25,131.35,7.34,0,False,1365,763.0
66,3,0.0036293966695666313,198.214,70.286,127.93,7.44,0,False,1350,763.0
67,3,0.0034908531233668327,202.9,75.966,132.62,7.41,0,False,1495,763.0
68,3,0.0036371350288391113,196.853,70.99,126.54,7.56,0,False,1422,763.0
69,3,0.003723051631823182,195.397,66.545,125.13,7.5,0,False,1393,763.0
70,3,0.0036742007359862328,196.679,68.626,126.36,7.51,0,False,1401,763.0
71,3,0.0034205184783786535,204.864,79.536,134.57,7.33,0,False,1414,763.0
72,3,0.003474057652056217,203.972,76.25,133.7,7.2,0,False,1448,763.0
73,3,0.0035515150520950556,201.645,72.659,131.38,7.34,0,False,1401,763.0
74,3,0.0035884433891624212,200.49,71.075,130.22,7.38,0,False,1483,763.0
75,3,0.003581003053113818,199.385,72.606,129.09,7.49,0,False,1388,763.0
76,3,0.003484869608655572,203.662,75.721,133.34,7.38,0,False,1423,763.0
77,4,0.0037090580444782972,195.067,67.767,124.8,7.59,0,False,1372,763.0
78,4,0.0036999641451984644,195.49,67.984,125.19,7.54,0,False,1350,763.0
79,4,0.003742122557014227,194.135,66.448,123.88,7.6,0,False,1392,763.0
80,4,0.003449228359386325,204.819,77.364,134.48,7.45,0,False,1421,763.0
81,4,0.003601411124691367,198.803,71.696,128.51,7.44,0,False,1468,763.0
82,4,0.003720221808180213,194.911,67.173,124.59,7.55,0,False,1350,763.0
83,4,0.003686658339574933,196.952,67.543,126.65,7.43,0,False,1394,763.0
84,4,0.0035880233626812696,199.169,72.305,128.89,7.52,0,False,1483,763.0
85,4,0.0034412634558975697,205.678,77.194,135.36,7.32,0,False,1402,763.0
86,4,0.0035974786151200533,200.05,70.839,129.76,7.41,0,False,1406,763.0
87,4,0.003573527792468667,201.026,71.645,130.77,7.41,0,False,1393,763.0
88,4,0.003666737349703908,196.098,69.658,125.83,7.57,0,False,1393,763.0
89,4,0.0037667537108063698,192.882,65.999,122.6,7.56,0,False,1388,763.0
90,4,0.003707371186465025,195.758,67.25,125.46,7.5,0,False,1350,763.0
91,4,0.0036202913615852594,199.286,69.941,129.01,7.44,0,False,1483,763.0
92,4,0.0036945343017578125,195.497,68.339,125.19,7.53,0,False,1340,763.0
93,4,0.0036496822722256184,197.626,69.427,127.33,7.48,0,False,1378,763.0
94,4,0.0037253601476550102,195.375,66.414,125.08,7.55,0,False,1394,763.0
95,4,0.0036003082059323788,200.043,70.646,129.77,7.41,0,False,1395,763.0
96,5,0.0036878071259707212,196.543,67.837,126.24,7.53,0,False,1369,763.0
97,5,0.0036509481724351645,197.957,69.041,127.68,7.51,0,False,1392,763.0
98,5,0.0037476231809705496,193.661,66.523,123.39,7.53,0,False,1428,763.0
99,5,0.0035328329540789127,201.619,74.037,131.35,7.3,0,False,1372,763.0
100,5,0.0037310824263840914,194.547,66.793,124.25,7.52,0,False,1372,763.0
101,5,0.0035034455358982086,204.056,73.979,133.76,7.34,0,False,1395,763.0
102,5,0.0035645028110593557,201.567,71.797,131.28,7.4,0,False,1374,763.0
103,5,0.003641531802713871,197.722,69.898,127.43,7.45,0,False,1392,763.0
104,5,0.003616958623751998,198.932,70.494,128.67,7.43,0,False,1350,763.0
105,5,0.003552650799974799,201.507,72.702,131.19,7.4,0,False,1392,763.0
106,5,0.003676001215353608,196.786,68.408,126.51,7.51,0,False,1392,763.0
107,5,0.00357228796929121,200.502,72.21,130.22,7.39,0,False,1424,763.0
108,5,0.003713251557201147,195.3,67.278,125.04,7.48,0,False,1420,763.0
109,5,0.0035573334898799658,201.45,72.418,131.16,7.39,0,False,1394,763.0
110,5,0.003499308368191123,203.983,74.353,133.72,7.38,0,False,1402,763.0
111,5,0.003766188398003578,193.19,65.755,122.88,7.64,0,False,1371,763.0
112,5,0.0035812670830637217,200.153,71.889,129.84,7.44,0,False,1483,763.0
113,5,0.003627530764788389,199.003,69.697,128.72,7.47,0,False,1394,763.0
114,5,0.00339788431301713,208.543,77.962,138.25,7.23,0,False,1422,763.0
115,6,0.0037832565139979124,192.309,65.467,122.02,7.67,0,False,1373,763.0
116,6,0.003841073252260685,190.085,63.872,119.79,7.65,0,False,1433,763.0
117,6,0.0036580406595021486,196.866,69.549,126.58,7.46,0,False,1397,763.0
118,6,0.0036793267354369164,196.52,68.426,126.24,7.46,0,False,1350,763.0
119,6,0.0037665064446628094,193.068,65.845,122.79,7.66,0,False,1372,763.0
120,6,0.003698576008901,195.139,68.396,124.85,7.5,0,False,1423,763.0
121,6,0.0038000752683728933,191.509,65.131,121.23,7.61,0,False,1389,763.0
122,6,0.003691574092954397,195.806,68.256,125.5,7.48,0,False,1350,763.0
123,6,0.003456658683717251,205.155,76.493,134.86,7.41,0,False,1462,763.0
124,6,0.0033379634842276573,210.048,81.396,139.73,7.47,0,False,1851,763.0
125,6,0.0036965548060834408,195.52,68.183,125.23,7.49,0,False,1349,763.0
126,6,0.003774228971451521,192.82,65.577,122.54,7.6,0,False,1478,763.0
127,6,0.003803913714364171,191.756,64.664,121.46,7.68,0,False,1372,763.0
128,6,0.0037385979667305946,194.067,66.739,123.75,7.55,0,False,1402,763.0
129,6,0.0037371767684817314,193.972,66.917,123.68,7.53,0,False,1353,763.0
130,6,0.003793170442804694,191.894,65.216,121.61,7.61,0,False,1416,763.0
131,6,0.003749523777514696,193.759,66.311,123.51,7.62,0,False,1461,763.0
132,6,0.0038399307522922754,190.204,63.834,119.89,7.7,0,False,1345,763.0
133,6,0.0038034168537706137,191.485,64.942,121.17,7.6,0,False,1379,763.0
134,7,0.003969845827668905,185.612,60.261,115.31,7.84,0,False,1413,763.0
135,7,0.0038051821757107973,192.042,64.325,121.76,7.6,0,False,1368,763.0
136,7,0.003790108487010002,192.042,65.275,121.74,7.62,0,False,1366,763.0
137,7,0.003777251811698079,192.447,65.723,122.14,7.63,0,False,1458,763.0
138,7,0.003920490387827158,187.491,61.435,117.17,7.76,0,False,1347,763.0
139,7,0.0038474942557513714,189.672,63.852,119.36,7.7,0,False,1347,763.0
140,7,0.0037297201342880726,194.043,67.339,123.75,7.58,0,False,1354,763.0
141,7,0.0038096513599157333,191.592,64.453,121.3,7.68,0,False,1351,763.0
142,7,0.0037809822242707014,192.104,65.798,121.81,7.56,0,False,1353,763.0
143,7,0.0037118999753147364,194.796,67.826,124.52,7.5,0,False,1353,763.0
144,7,0.003687320975586772,195.68,68.654,125.42,7.57,0,False,1552,763.0
145,7,0.003877215553075075,188.966,62.683,118.66,7.74,0,False,1350,763.0
146,7,0.003916059620678425,187.157,62.001,116.86,7.72,0,False,1353,763.0
147,7,0.003847658634185791,190.0,63.544,119.69,7.7,0,False,1402,763.0
148,7,0.0038905665278434753,188.143,62.626,117.83,7.73,0,False,1351,763.0
149,7,0.00389024312607944,188.434,62.381,118.13,7.69,0,False,1350,763.0
150,7,0.00388470315374434,188.488,62.666,118.2,7.64,0,False,1353,763.0
151,7,0.003848516847938299,189.498,63.948,119.2,7.71,0,False,1353,763.0
152,7,0.0038120837416499853,191.263,64.6,120.96,7.63,0,False,1350,763.0
153,8,0.0038256910629570484,190.632,64.326,120.32,7.54,0,False,1461,763.0
154,8,0.003937918227165937,186.713,61.117,116.42,7.71,0,False,1357,763.0
155,8,0.0038894221652299166,188.511,62.36,118.19,7.67,0,False,1374,763.0
156,8,0.0038826866075396538,188.578,62.705,118.28,7.69,0,False,1350,763.0
157,8,0.0038326168432831764,190.194,64.295,119.91,7.61,0,False,1349,763.0
158,8,0.003938056528568268,186.312,61.473,116.03,7.7,0,False,1353,763.0
159,8,0.0039947181940078735,184.962,59.426,114.65,7.8,0,False,1421,763.0
160,8,0.003919799812138081,187.402,61.557,117.14,7.71,0,False,1350,763.0
161,8,0.0037740704137831926,193.012,65.413,122.73,7.6,0,False,1461,763.0
162,8,0.0038526030257344246,189.515,63.682,119.22,7.71,0,False,1353,763.0
163,8,0.003849019529297948,189.809,63.634,119.5,7.64,0,False,1354,763.0
164,8,0.003815273055806756,190.775,64.845,120.5,7.63,0,False,1350,763.0
165,8,0.0037089677061885595,195.506,67.374,125.22,7.46,0,False,1426,763.0
166,8,0.003803729545325041,191.096,65.277,120.8,7.59,0,False,1353,763.0
167,8,0.0038791869301348925,188.201,63.26,117.9,7.68,0,False,1350,763.0
168,8,0.003939424641430378,186.834,60.919,116.54,7.72,0,False,1350,763.0
169,8,0.0038896400947123766,188.511,62.347,118.25,7.72,0,False,1351,763.0
170,8,0.0039043212309479713,187.495,62.392,117.26,7.69,0,False,1353,763.0
171,8,0.003909821156412363,187.624,61.948,117.35,7.73,0,False,1423,763.0
172,9,0.003897016402333975,187.942,62.422,117.64,7.7,0,False,1350,763.0
173,9,0.0038522942923009396,189.393,63.811,119.13,7.63,0,False,1349,763.0
174,9,0.003920667804777622,187.117,61.765,116.82,7.74,0,False,1376,763.0
175,9,0.004018536768853664,184.273,58.704,113.98,7.83,0,False,1349,763.0
176,9,0.003916841931641102,187.624,61.531,117.35,7.75,0,False,1350,763.0
177,9,0.0038719975855201483,188.676,63.262,118.36,7.7,0,False,1480,763.0
178,9,0.0038752288091927767,188.696,63.048,118.43,7.67,0,False,1320,763.0
179,9,0.0038325374480336905,190.14,64.349,119.87,7.63,0,False,1413,763.0
180,9,0.003899279050529003,188.177,62.073,117.91,7.7,0,False,1350,763.0
181,9,0.0038926582783460617,187.895,62.726,117.6,7.72,0,False,1350,763.0
182,9,0.003904980607330799,187.87,62.012,117.56,7.71,0,False,1351,763.0
183,9,0.004050080664455891,183.211,57.907,112.91,7.88,0,False,1350,763.0
184,9,0.003981822170317173,185.591,59.591,115.31,7.79,0,False,1350,763.0
185,9,0.0038035872858017683,190.997,65.375,120.71,7.62,0,False,1350,763.0
186,9,0.003877527080476284,188.423,63.157,118.14,7.7,0,False,1350,763.0
187,9,0.003998532425612211,184.87,59.292,114.58,7.79,0,False,1351,763.0
188,9,0.0039647649973630905,186.089,60.121,115.81,7.79,0,False,1350,763.0
189,9,0.003879946656525135,188.215,63.201,117.92,7.74,0,False,1350,763.0
190,9,0.003763676853850484,192.6,66.452,122.32,7.56,0,False,1356,763.0
191,10,0.004017168190330267,184.549,58.529,114.26,7.85,0,False,1350,763.0
192,10,0.003933697007596493,186.713,61.364,116.42,7.75,0,False,1420,763.0
193,10,0.00407774792984128,182.13,57.367,111.82,7.89,0,False,1350,763.0
194,10,0.00402791379019618,183.996,58.429,113.72,7.8,0,False,1350,763.0
195,10,0.0039043868891894817,187.841,62.073,117.53,7.74,0,False,1350,763.0
196,10,0.00403892807662487,183.76,58.028,113.46,7.82,0,False,1350,763.0
197,10,0.0039720674976706505,185.666,60.084,115.38,7.82,0,False,1376,763.0
198,10,0.0040424419566988945,183.202,58.339,112.92,7.86,0,False,1350,763.0
199,10,0.003896525129675865,188.339,62.09,118.04,7.74,0,False,1351,763.0
200,10,0.004030654206871986,183.435,58.785,113.14,7.85,0,False,1376,763.0
201,10,0.0039206393994390965,187.228,61.666,116.93,7.69,0,False,1420,763.0
202,10,0.0038956557400524616,188.026,62.427,117.74,7.71,0,False,1350,763.0
203,10,0.004008053801953793,184.295,59.275,114.0,7.85,0,False,1349,763.0
204,10,0.003992830868810415,184.73,59.744,114.44,7.81,0,False,1376,763.0
205,10,0.003872884204611182,189.08,62.841,118.81,7.74,0,False,1376,763.0
206,10,0.003874563379213214,188.945,62.862,118.66,7.66,0,False,1351,763.0
207,10,0.0039888289757072926,185.404,59.36,115.13,7.82,0,False,1350,763.0
208,10,0.0038455219473689795,189.579,64.058,119.27,7.66,0,False,1350,763.0
209,10,0.0038973430637270212,188.287,62.089,118.02,7.69,0,False,1429,763.0
210,11,0.003973726648837328,185.65,60.003,115.37,7.79,0,False,1436,763.0
211,11,0.004012845456600189,184.463,58.852,114.18,7.82,0,False,1311,763.0
212,11,0.003987561911344528,185.025,59.777,114.73,7.83,0,False,1348,763.0
213,11,0.00394125422462821,186.815,60.828,116.55,7.78,0,False,1350,763.0
214,11,0.0037797349505126476,192.37,65.636,122.09,7.61,0,False,1350,763.0
215,11,0.003940963186323643,186.714,60.937,116.44,7.82,0,False,1351,763.0
216,11,0.004013279918581247,184.747,58.569,114.45,7.83,0,False,1350,763.0
217,11,0.0038280365988612175,190.849,63.983,120.56,7.65,0,False,1436,763.0
218,11,0.0039805094711482525,185.729,59.541,115.43,7.78,0,False,1350,763.0
219,11,0.0039339507929980755,186.675,61.384,116.39,7.72,0,False,1350,763.0
220,11,0.003929295111447573,187.311,61.08,117.03,7.72,0,False,1350,763.0
221,11,0.003958234563469887,186.311,60.298,116.06,7.81,0,False,1349,763.0
222,11,0.004019866697490215,184.144,58.746,113.89,7.81,0,False,1350,763.0
223,11,0.003963934723287821,185.907,60.334,115.59,7.8,0,False,1351,763.0
224,11,0.0039229076355695724,187.29,61.476,116.99,7.71,0,False,1350,763.0
225,11,0.003801368409767747,191.827,64.76,121.51,7.66,0,False,1420,763.0
226,11,0.004020129330456257,183.975,58.885,113.69,7.81,0,False,1350,763.0
227,11,0.0039445445872843266,186.51,60.913,116.22,7.77,0,False,1350,763.0
228,11,0.003991462755948305,185.068,59.515,114.77,7.81,0,False,1349,763.0
229,12,0.00400061858817935,184.805,59.233,114.52,7.84,0,False,1308,763.0
230,12,0.003885648911818862,188.826,62.301,118.55,7.64,0,False,1350,763.0
231,12,0.003907664678990841,187.654,62.048,117.34,7.73,0,False,1311,763.0
232,12,0.003964985255151987,186.273,59.941,115.95,7.75,0,False,1346,763.0
233,12,0.004105821717530489,181.482,56.431,111.17,7.94,0,False,1311,763.0
234,12,0.0040139914490282536,184.252,58.979,113.98,7.84,0,False,1350,763.0
235,12,0.003942359704524279,186.835,60.746,116.56,7.73,0,False,1333,763.0
236,12,0.004001588094979525,185.007,58.995,114.72,7.79,0,False,1350,763.0
237,12,0.003996371291577816,185.219,59.098,114.96,7.81,0,False,1350,763.0
238,12,0.0038964631967246532,188.342,62.092,118.04,7.75,0,False,1322,763.0
239,12,0.004051097668707371,183.384,57.693,113.09,7.86,0,False,1350,763.0
240,12,0.003997728228569031,185.16,59.075,114.86,7.84,0,False,1311,763.0
241,12,0.003995236940681934,185.301,59.088,115.02,7.79,0,False,1350,763.0
242,12,0.0039316280744969845,186.874,61.339,116.58,7.75,0,False,1350,763.0
243,12,0.003940358757972717,186.758,60.933,116.47,7.74,0,False,1349,763.0
244,12,0.004028836730867624,184.06,58.318,113.78,7.85,0,False,1350,763.0
245,12,0.003911438398063183,188.076,61.44,117.78,7.73,0,False,1350,763.0
246,12,0.003968759439885616,185.644,60.295,115.35,7.78,0,False,1421,763.0
247,12,0.003987128380686045,185.459,59.408,115.2,7.8,0,False,1350,763.0
248,13,0.0040154894813895226,184.388,58.771,114.12,7.82,0,False,1351,763.0
249,13,0.003859841963276267,189.726,63.047,119.46,7.69,0,False,1349,763.0
250,13,0.003907720558345318,188.267,61.488,118.01,7.71,0,False,1350,763.0
251,13,0.0040832883678376675,181.853,57.316,111.57,7.92,0,False,1349,763.0
252,13,0.0038328319787979126,190.139,64.332,119.85,7.66,0,False,1350,763.0
253,13,0.003975266590714455,185.76,59.814,115.5,7.79,0,False,1349,763.0
254,13,0.004026353359222412,183.366,59.089,113.09,7.91,0,False,1309,763.0
255,13,0.0040582818910479546,182.996,57.649,112.72,7.9,0,False,1310,763.0
256,13,0.0040850527584552765,182.19,56.913,111.92,7.93,0,False,1350,763.0
257,13,0.003900134237483144,188.292,61.917,118.01,7.7,0,False,1351,763.0
258,13,0.003941176924854517,187.025,60.642,116.73,7.75,0,False,1351,763.0
259,13,0.004007399547845125,184.363,59.25,114.08,7.86,0,False,1357,763.0
260,13,0.0039204140193760395,187.341,61.577,117.06,7.8,0,False,1351,763.0
261,13,0.0038785261567682028,189.145,62.44,118.86,7.68,0,False,1349,763.0
262,13,0.00396294891834259,186.101,60.215,115.83,7.74,0,False,1349,763.0
263,13,0.004027137532830238,183.993,58.474,113.72,7.84,0,False,1420,763.0
264,13,0.003897864604368806,188.313,62.034,118.05,7.74,0,False,1430,763.0
265,13,0.003960519563406706,186.312,60.164,116.05,7.79,0,False,1349,763.0
266,13,0.0040514422580599785,182.988,58.034,112.71,7.89,0,False,1310,763.0
267,14,0.0040159584023058414,184.318,58.807,114.04,7.93,0,False,1353,763.0
268,14,0.004076771438121796,182.206,57.351,111.91,7.93,0,False,1310,763.0
269,14,0.003933802712708712,186.925,61.165,116.61,7.81,0,False,1389,763.0
270,14,0.004038607701659203,183.564,58.224,113.26,7.88,0,False,1309,763.0
271,14,0.004033764824271202,183.633,58.431,113.33,7.84,0,False,1349,763.0
272,14,0.003910095430910587,187.674,61.886,117.39,7.77,0,False,1307,763.0
273,14,0.0040740505792200565,182.615,57.128,112.35,7.97,0,False,1388,763.0
274,14,0.003981494344770908,185.514,59.68,115.22,7.77,0,False,1347,763.0
275,14,0.004051306750625372,183.093,57.946,112.84,7.91,0,False,1356,763.0
276,14,0.004006488248705864,184.545,59.136,114.28,7.88,0,False,1310,763.0
277,14,0.00408423924818635,181.991,57.139,111.71,7.97,0,False,1304,763.0
278,14,0.0041029974818229675,181.68,56.404,111.37,7.95,0,False,1319,763.0
279,14,0.00400567427277565,184.471,59.25,114.18,7.85,0,False,1310,763.0
280,14,0.004074204713106155,182.506,57.219,112.2,7.88,0,False,1358,763.0
281,14,0.004097192082554102,181.744,56.659,111.45,7.98,0,False,1348,763.0
282,14,0.003942485898733139,186.988,60.599,116.68,7.73,0,False,1349,763.0
283,14,0.004030771087855101,183.68,58.556,113.42,7.86,0,False,1317,763.0
284,14,0.004074455238878727,183.003,56.754,112.72,7.9,0,False,1350,763.0
285,14,0.004111906513571739,181.482,56.104,111.19,8.0,0,False,1310,763.0
286,15,0.00418504374101758,179.003,54.494,108.74,8.05,0,False,1353,763.0
287,15,0.00401218282058835,184.671,58.7,114.41,7.82,0,False,1311,763.0
288,15,0.003978973254561424,185.436,59.895,115.15,7.84,0,False,1319,763.0
289,15,0.003985102288424969,185.683,59.32,115.42,7.79,0,False,1310,763.0
290,15,0.004082925617694855,182.342,56.891,112.06,7.91,0,False,1307,763.0
291,15,0.004050984047353268,183.286,57.789,113.03,7.84,0,False,1332,763.0
292,15,0.00395571906119585,186.102,60.633,115.81,7.78,0,False,1346,763.0
293,15,0.003800323000177741,192.271,64.422,121.97,7.67,0,False,1331,763.0
294,15,0.00404777517542243,183.376,57.885,113.09,7.88,0,False,1353,763.0
295,15,0.004047590773552656,183.148,58.102,112.84,7.84,0,False,1350,763.0
296,15,0.004061785992234945,182.671,57.751,112.41,7.91,0,False,1309,763.0
297,15,0.003930035978555679,187.286,61.059,116.99,7.7,0,False,1310,763.0
298,15,0.0040842522867023945,182.359,56.803,112.09,7.94,0,False,1351,763.0
299,15,0.003991301637142897,184.823,59.747,114.54,7.84,0,False,1346,763.0
300,15,0.00404015788808465,183.562,58.139,113.25,7.86,0,False,1309,763.0
301,15,0.0039925966411828995,185.592,58.974,115.31,7.82,0,False,1351,763.0
302,15,0.004101478029042482,181.83,56.35,111.55,7.89,0,False,1350,763.0
303,15,0.004002965055406094,184.944,58.974,114.65,7.83,0,False,1308,763.0
304,15,0.004016941413283348,184.164,58.893,113.9,7.85,0,False,1388,763.0
305,16,0.004058901220560074,183.401,57.246,113.16,7.86,0,False,1349,763.0
306,16,0.003983631264418364,185.434,59.63,115.16,7.83,0,False,1350,763.0
307,16,0.004123604390770197,181.0,55.915,110.72,7.95,0,False,1322,763.0
308,16,0.004022146575152874,183.781,58.948,113.49,7.78,0,False,1322,763.0
309,16,0.004047760274261236,183.41,57.855,113.1,7.9,0,False,1349,763.0
310,16,0.004076209384948015,182.574,57.047,112.26,7.93,0,False,1355,763.0
311,16,0.004061587154865265,183.343,57.151,113.07,7.91,0,False,1348,763.0
312,16,0.003806048072874546,191.919,64.383,121.62,7.61,0,False,1322,763.0
313,16,0.004028919618576765,184.212,58.176,113.89,7.89,0,False,1350,763.0
314,16,0.0040613580495119095,183.031,57.447,112.72,7.92,0,False,1351,763.0
315,16,0.0040253824554383755,183.761,58.784,113.46,7.9,0,False,1324,763.0
316,16,0.0040313866920769215,184.174,58.072,113.9,7.8,0,False,1307,763.0
317,16,0.004148197825998068,180.355,55.194,110.09,8.01,0,False,1305,763.0
318,16,0.004131757188588381,180.696,55.756,110.4,7.99,0,False,1350,763.0
319,16,0.00413746340200305,180.387,55.734,110.12,7.98,0,False,1346,763.0
320,16,0.003966255113482475,185.782,60.313,115.53,7.79,0,False,1310,763.0
321,16,0.004013748839497566,184.332,58.92,114.07,7.83,0,False,1303,763.0
322,16,0.0040842629969120026,182.395,56.771,112.11,7.94,0,False,1350,763.0
323,16,0.00397977652028203,185.194,60.069,114.92,7.85,0,False,1350,763.0
324,17,0.0040877643041312695,182.185,56.771,111.9,7.89,0,False,1347,763.0
325,17,0.004147886298596859,180.304,55.257,110.06,8.02,0,False,1353,763.0
326,17,0.004076420795172453,182.831,56.802,112.52,7.9,0,False,1322,763.0
327,17,0.003989719785749912,185.387,59.325,115.08,7.84,0,False,1338,763.0
328,17,0.004030262585729361,184.073,58.227,113.79,7.89,0,False,1351,763.0
329,17,0.004024218767881393,184.197,58.453,113.9,7.9,0,False,1437,763.0
330,17,0.004094850271940231,181.588,56.928,111.32,7.97,0,False,1340,763.0
331,17,0.003942206967622042,186.938,60.661,116.66,7.79,0,False,1350,763.0
332,17,0.0042118532583117485,178.44,53.623,108.16,8.08,0,False,1307,763.0
333,17,0.003995854407548904,185.155,59.186,114.86,7.83,0,False,1326,763.0
334,17,0.00414030347019434,180.992,55.033,110.69,7.96,0,False,1346,763.0
335,17,0.004056812264025211,183.459,57.309,113.14,7.9,0,False,1322,763.0
336,17,0.004038054030388594,183.772,58.066,113.5,7.82,0,False,1323,763.0
337,17,0.00417785719037056,179.29,54.607,108.99,7.97,0,False,1350,763.0
338,17,0.004157362971454859,179.831,55.187,109.54,8.03,0,False,1322,763.0
339,17,0.004033814184367657,183.678,58.388,113.39,7.95,0,False,1420,763.0
340,17,0.00417207321152091,179.388,54.819,109.12,8.05,0,False,1310,763.0
341,17,0.004132294096052647,180.679,55.743,110.4,7.94,0,False,1307,763.0
342,17,0.004168936517089605,179.199,55.155,108.89,7.99,0,False,1342,763.0
343,18,0.004158051684498787,179.855,55.13,109.56,8.06,0,False,1342,763.0
344,18,0.004141245037317276,180.143,55.755,109.82,8.05,0,False,1347,763.0
345,18,0.004147940315306187,180.22,55.33,109.94,8.0,0,False,1307,763.0
346,18,0.004052404314279556,183.055,57.92,112.81,7.86,0,False,1322,763.0
347,18,0.004162438679486513,179.477,55.242,109.2,8.06,0,False,1307,763.0
348,18,0.004101898986846209,181.575,56.558,111.28,7.95,0,False,1339,763.0
349,18,0.003963506780564785,186.11,60.174,115.83,7.79,0,False,1349,763.0
350,18,0.00415072264149785,180.207,55.195,109.92,8.02,0,False,1304,763.0
351,18,0.00403716741129756,183.242,58.596,112.95,7.91,0,False,1340,763.0
352,18,0.004032594617456198,183.706,58.43,113.4,7.92,0,False,1437,763.0
353,18,0.004130551591515541,180.739,55.781,110.48,7.96,0,False,1307,763.0
354,18,0.004070345312356949,182.629,57.318,112.34,7.95,0,False,1307,763.0
355,18,0.004158253315836191,179.942,55.039,109.66,8.04,0,False,1346,763.0
356,18,0.0039790295995771885,185.256,60.056,114.95,7.85,0,False,1346,763.0
357,18,0.0040738810785114765,182.527,57.218,112.21,7.96,0,False,1346,763.0
358,18,0.003950674086809158,186.32,60.729,116.05,7.76,0,False,1323,763.0
359,18,0.003980505745857954,185.265,59.963,115.0,7.84,0,False,1333,763.0
360,18,0.004096562974154949,181.499,56.916,111.23,7.94,0,False,1340,763.0
361,18,0.004029970616102219,183.807,58.485,113.53,7.97,0,False,1322,763.0
362,19,0.003995007369667292,184.912,59.455,114.63,7.9,0,False,1307,763.0
363,19,0.003978703636676073,185.237,60.092,114.95,7.86,0,False,1346,763.0
364,19,0.004167217295616865,179.853,54.65,109.55,8.05,0,False,1346,763.0
365,19,0.004124763421714306,180.471,56.334,110.17,8.05,0,False,1340,763.0
366,19,0.003971054218709469,185.687,60.123,115.41,7.92,0,False,1346,763.0
367,19,0.004123541992157698,181.194,55.742,110.91,8.0,0,False,1342,763.0
368,19,0.00415248004719615,180.088,55.211,109.81,8.06,0,False,1340,763.0
369,19,0.004166641738265753,179.363,55.126,109.08,8.07,0,False,1346,763.0
370,19,0.004086722154170275,182.08,56.923,111.83,7.93,0,False,1347,763.0
371,19,0.004082283470779657,182.274,56.988,111.98,7.93,0,False,1370,763.0
372,19,0.004105342086404562,181.472,56.467,111.18,7.97,0,False,1340,763.0
373,19,0.004129956942051649,180.607,55.933,110.3,8.0,0,False,1346,763.0
374,19,0.00405878946185112,182.814,57.786,112.53,7.91,0,False,1307,763.0
375,19,0.00390471494756639,188.042,61.872,117.75,7.79,0,False,1356,763.0
376,19,0.004093084018677473,181.991,56.658,111.68,7.98,0,False,1340,763.0
377,19,0.004098140634596348,181.574,56.763,111.31,7.98,0,False,1340,763.0
378,19,0.004135198891162872,180.605,55.655,110.37,7.98,0,False,1346,763.0
379,19,0.003915651701390743,187.785,61.455,117.5,7.67,0,False,1357,763.0
380,19,0.004097332712262869,181.626,56.759,111.36,7.99,0,False,1350,763.0
381,20,0.004124625585973263,180.692,56.14,110.39,8.03,0,False,1350,763.0
382,20,0.004218163434416056,178.201,53.518,107.92,8.09,0,False,1307,763.0
383,20,0.004152195993810892,180.312,55.022,110.04,7.99,0,False,1309,763.0
384,20,0.004138266667723656,180.308,55.763,110.03,8.03,0,False,1307,763.0
385,20,0.0041704196482896805,179.447,54.852,109.15,8.05,0,False,1307,763.0
386,20,0.004153151530772448,179.929,55.32,109.64,8.02,0,False,1351,763.0
387,20,0.004250701051205397,177.274,52.71,107.0,8.1,0,False,1296,763.0
388,20,0.004096851218491793,181.585,56.823,111.3,7.99,0,False,1350,763.0
389,20,0.004215986933559179,178.461,53.392,108.19,8.09,0,False,1307,763.0
390,20,0.004218137823045254,178.402,53.336,108.1,8.09,0,False,1350,763.0
391,20,0.004086432978510857,181.979,57.03,111.69,8.0,0,False,1343,763.0
392,20,0.004093138966709375,181.807,56.822,111.51,7.98,0,False,1348,763.0
393,20,0.0039714062586426735,185.592,60.189,115.32,7.9,0,False,1307,763.0
394,20,0.004154995083808899,180.046,55.117,109.76,8.0,0,False,1322,763.0
395,20,0.004167511127889156,180.253,54.271,109.95,8.04,0,False,1322,763.0
396,20,0.0041126045398414135,181.491,56.058,111.22,7.98,0,False,1406,763.0
397,20,0.0041177114471793175,181.062,56.174,110.8,8.0,0,False,1307,763.0
398,20,0.004059661645442247,182.752,57.794,112.47,7.92,0,False,1322,763.0
399,20,0.004200843162834644,178.82,53.843,108.5,8.09,0,False,1322,763.0
400,21,0.004249993246048689,177.372,52.657,107.09,8.11,0,False,1340,763.0
401,21,0.004095953889191151,182.03,56.467,111.74,7.95,0,False,1322,763.0
402,21,0.004250251222401857,177.169,52.828,106.89,8.12,0,False,1306,763.0
403,21,0.004202291835099459,178.718,53.861,108.4,8.09,0,False,1307,763.0
404,21,0.0042000641115009785,179.085,53.642,108.78,8.03,0,False,1346,763.0
405,21,0.0041004992090165615,181.882,56.355,111.62,7.93,0,False,1322,763.0
406,21,0.004111430142074823,181.662,55.966,111.37,7.95,0,False,1307,763.0
407,21,0.004169998224824667,179.536,54.793,109.27,8.05,0,False,1297,763.0
408,21,0.00418477738276124,179.326,54.214,109.05,8.0,0,False,1311,763.0
409,21,0.004180986899882555,179.467,54.283,109.23,8.01,0,False,1333,763.0
410,21,0.004092072136700153,182.598,56.161,112.31,7.97,0,False,1363,763.0
411,21,0.004142805468291044,180.317,55.514,110.04,8.03,0,False,1353,763.0
412,21,0.004185204394161701,179.512,54.022,109.23,8.01,0,False,1343,763.0
413,21,0.004262789152562618,176.765,52.566,106.47,8.1,0,False,1350,763.0
414,21,0.004188558552414179,179.307,54.035,109.04,8.05,0,False,1307,763.0
415,21,0.00422844011336565,177.647,53.497,107.38,8.08,0,False,1348,763.0
416,21,0.004100865218788385,181.523,56.662,111.26,7.94,0,False,1345,763.0
417,21,0.004152342677116394,180.051,55.252,109.75,8.0,0,False,1343,763.0
418,21,0.004241804126650095,177.414,53.031,107.1,8.08,0,False,1307,763.0
419,22,0.004242447670549154,177.21,53.185,106.95,8.1,0,False,1322,763.0
420,22,0.004158686380833387,179.919,55.038,109.63,8.02,0,False,1323,763.0
421,22,0.004327499307692051,175.038,50.948,104.78,8.22,0,False,1281,763.0
422,22,0.004167094361037016,179.436,55.035,109.16,7.99,0,False,1346,763.0
423,22,0.004284745082259178,175.955,52.21,105.65,8.13,0,False,1343,763.0
424,22,0.004135808441787958,180.501,55.718,110.22,7.95,0,False,1354,763.0
425,22,0.004214473068714142,178.085,53.811,107.79,8.1,0,False,1347,763.0
426,22,0.0040683439001441,182.761,57.308,112.48,7.87,0,False,1347,763.0
427,22,0.004198034759610891,178.554,54.229,108.29,8.05,0,False,1354,763.0
428,22,0.004254970233887434,177.039,52.709,106.79,8.08,0,False,1347,763.0
429,22,0.004267072770744562,176.972,52.164,106.69,8.12,0,False,1305,763.0
430,22,0.004177084192633629,179.236,54.696,108.97,8.02,0,False,1307,763.0
431,22,0.00415272219106555,180.156,55.136,109.84,7.99,0,False,1343,763.0
432,22,0.004150375258177519,180.164,55.253,109.89,7.97,0,False,1307,763.0
433,22,0.004123553168028593,180.739,56.155,110.47,7.97,0,False,1347,763.0
434,22,0.00411326764151454,181.263,56.229,110.99,7.96,0,False,1307,763.0
435,22,0.00415979977697134,179.885,55.01,109.62,7.99,0,False,1307,763.0
436,22,0.004221038427203894,178.085,53.476,107.8,8.08,0,False,1333,763.0
437,22,0.004080451559275389,181.953,57.38,111.68,7.93,0,False,1346,763.0
438,23,0.0037770515773445368,192.249,65.916,121.95,7.7,0,False,1394,763.0
439,23,0.004181041847914457,179.642,54.121,109.35,8.01,0,False,1305,763.0
440,23,0.004189298953860998,179.383,53.928,109.06,8.03,0,False,1306,763.0
441,23,0.003768115071579814,193.106,65.708,122.82,7.59,0,False,1348,763.0
442,23,0.004212634637951851,177.9,54.073,107.59,8.08,0,False,1347,763.0
443,23,0.004246520809829235,177.726,52.51,107.43,8.11,0,False,1343,763.0
444,23,0.004272221587598324,176.798,52.066,106.51,8.15,0,False,1306,763.0
445,23,0.004379319027066231,173.634,49.738,103.32,8.27,0,False,1348,763.0
446,23,0.004342891741544008,174.91,50.32,104.58,8.19,0,False,1347,763.0
447,23,0.004188963212072849,179.249,54.067,108.98,8.05,0,False,1307,763.0
448,23,0.004257845692336559,177.3,52.328,107.0,8.09,0,False,1307,763.0
449,23,0.004330255091190338,175.182,50.683,104.92,8.22,0,False,1346,763.0
450,23,0.0042441608384251595,177.383,52.941,107.07,8.12,0,False,1347,763.0
451,23,0.004342809785157442,174.65,50.56,104.38,8.19,0,False,1304,763.0
452,23,0.004271327517926693,176.87,52.045,106.58,8.15,0,False,1306,763.0
453,23,0.00415570754557848,180.17,54.966,109.88,8.01,0,False,1347,763.0
454,23,0.004306690767407417,175.536,51.51,105.26,8.19,0,False,1305,763.0
455,23,0.00415488425642252,180.01,55.155,109.72,8.02,0,False,1317,763.0
456,23,0.004270368255674839,176.993,51.98,106.68,8.13,0,False,1354,763.0
457,24,0.0041945986449718475,179.025,53.979,108.77,8.04,0,False,1305,763.0
458,24,0.004380085971206427,173.356,49.954,103.05,8.32,0,False,1355,763.0
459,24,0.0042875069193542,176.363,51.702,106.07,8.13,0,False,1436,763.0
460,24,0.004254436120390892,177.076,52.702,106.79,8.07,0,False,1306,763.0
461,24,0.004101570229977369,181.697,56.465,111.42,7.97,0,False,1346,763.0
462,24,0.004180549643933773,179.288,54.468,108.97,8.01,0,False,1355,763.0
463,24,0.0043118842877447605,175.219,51.544,104.94,8.22,0,False,1281,763.0
464,24,0.004384092520922422,173.511,49.624,103.26,8.26,0,False,1306,763.0
465,24,0.0042384909465909,177.359,53.249,107.03,8.13,0,False,1346,763.0
466,24,0.004176247399300337,179.549,54.455,109.26,8.06,0,False,1347,763.0
467,24,0.004069617483764887,182.94,57.076,112.67,7.93,0,False,1353,763.0
468,24,0.004185378551483154,179.093,54.394,108.81,8.04,0,False,1307,763.0
469,24,0.0042913625948131084,176.354,51.52,106.09,8.18,0,False,1303,763.0
470,24,0.0042171962559223175,178.377,53.406,108.1,8.09,0,False,1415,763.0
471,24,0.004291539080440998,176.19,51.661,105.88,8.17,0,False,1304,763.0
472,24,0.004214321728795767,177.971,53.923,107.7,8.1,0,False,1335,763.0
473,24,0.004345359746366739,174.516,50.558,104.22,8.28,0,False,1347,763.0
474,24,0.0037350784987211227,193.536,67.451,123.25,7.71,0,False,1480,763.0
475,24,0.00431858142837882,175.24,51.198,104.92,8.14,0,False,1305,763.0
476,25,0.004229724407196045,177.991,53.119,107.73,8.13,0,False,1303,763.0
477,25,0.004311793949455023,175.127,51.632,104.87,8.23,0,False,1281,763.0
478,25,0.00428093271329999,176.486,51.916,106.2,8.17,0,False,1302,763.0
479,25,0.004244491457939148,177.523,52.797,107.2,8.16,0,False,1354,763.0
480,25,0.004336054902523756,175.172,50.412,104.91,8.25,0,False,1281,763.0
481,25,0.00424828240647912,177.419,52.7,107.11,8.15,0,False,1305,763.0
482,25,0.004249344579875469,177.33,52.727,107.05,8.13,0,False,1416,763.0
483,25,0.004353668540716171,174.554,50.125,104.25,8.24,0,False,1334,763.0
484,25,0.004161312710493803,179.779,55.028,109.49,8.06,0,False,1281,763.0
485,25,0.0042510018683969975,177.354,52.623,107.08,8.18,0,False,1354,763.0
486,25,0.004338976927101612,174.706,50.693,104.4,8.25,0,False,1303,763.0
487,25,0.004306622315198183,175.773,51.298,105.5,8.21,0,False,1306,763.0
488,25,0.004271896556019783,176.317,52.519,106.03,8.19,0,False,1303,763.0
489,25,0.00442044110968709,172.459,48.875,102.2,8.32,0,False,1303,763.0
490,25,0.0042434693314135075,177.518,52.853,107.23,8.13,0,False,1310,763.0
491,25,0.004374254960566759,173.586,50.022,103.3,8.29,0,False,1305,763.0
492,25,0.004269697237759829,176.351,52.598,106.08,8.23,0,False,1321,763.0
493,25,0.004241971764713526,177.824,52.65,107.52,8.14,0,False,1355,763.0
494,25,0.004309497773647308,176.256,50.718,106.0,8.13,0,False,1306,763.0
495,26,0.004413915332406759,172.891,48.786,102.63,8.29,0,False,1333,763.0
496,26,0.004326905123889446,174.98,51.029,104.69,8.29,0,False,1304,763.0
497,26,0.004210856277495623,177.777,54.277,107.49,8.08,0,False,1322,763.0
498,26,0.004364242311567068,174.035,50.09,103.74,8.28,0,False,1306,763.0
499,26,0.004263679962605238,176.866,52.43,106.6,8.16,0,False,1305,763.0
500,26,0.00418138550594449,179.32,54.396,109.02,8.09,0,False,1307,763.0
501,26,0.004257501102983952,176.793,52.806,106.49,8.15,0,False,1303,763.0
502,26,0.004184929188340902,179.096,54.415,108.83,8.04,0,False,1322,763.0
503,26,0.004290501121431589,176.203,51.7,105.94,8.21,0,False,1346,763.0
504,26,0.004297538660466671,175.478,52.012,105.17,8.21,0,False,1304,763.0
505,26,0.0041852775029838085,178.949,54.531,108.66,8.09,0,False,1322,763.0
506,26,0.004211639519780874,178.089,53.953,107.81,8.16,0,False,1306,763.0
507,26,0.004232040140777826,177.9,53.084,107.59,8.11,0,False,1306,763.0
508,26,0.004264351911842823,176.414,52.807,106.12,8.19,0,False,1306,763.0
509,26,0.0042951893992722034,175.792,51.843,105.48,8.17,0,False,1303,763.0
510,26,0.004230721388012171,177.524,53.493,107.23,8.11,0,False,1305,763.0
511,26,0.004306829068809748,176.043,51.042,105.79,8.18,0,False,1303,763.0
512,26,0.004272690508514643,176.651,52.176,106.33,8.17,0,False,1304,763.0
513,26,0.004287653602659702,176.054,51.976,105.76,8.2,0,False,1304,763.0
514,27,0.004327153321355581,175.502,50.543,105.25,8.19,0,False,1333,763.0
515,27,0.004426585976034403,172.413,48.632,102.17,8.3,0,False,1334,763.0
516,27,0.0043739513494074345,173.355,50.246,103.08,8.29,0,False,1282,763.0
517,27,0.004280103836208582,176.121,52.29,105.86,8.22,0,False,1333,763.0
518,27,0.004361236002296209,174.273,50.018,104.02,8.22,0,False,1306,763.0
519,27,0.004389709327369928,173.33,49.523,103.07,8.27,0,False,1335,763.0
520,27,0.004325644578784704,174.912,51.152,104.64,8.25,0,False,1310,763.0
521,27,0.00435832142829895,174.224,50.202,103.94,8.26,0,False,1333,763.0
522,27,0.0043423897586762905,174.889,50.363,104.6,8.24,0,False,1317,763.0
523,27,0.004370721988379955,173.972,49.839,103.68,8.28,0,False,1304,763.0
524,27,0.004261605441570282,176.72,52.667,106.44,8.16,0,False,1305,763.0
525,27,0.00416868831962347,179.402,54.983,109.14,8.07,0,False,1306,763.0
526,27,0.004250568803399801,176.984,52.98,106.67,8.12,0,False,1333,763.0
527,27,0.004303258378058672,175.789,51.448,105.53,8.19,0,False,1346,763.0
528,27,0.004301378503441811,175.451,51.848,105.17,8.21,0,False,1415,763.0
529,27,0.004294394049793482,175.836,51.841,105.57,8.22,0,False,1355,763.0
530,27,0.0044035776518285275,173.44,48.771,103.15,8.28,0,False,1303,763.0
531,27,0.004303753841668367,176.056,51.181,105.78,8.18,0,False,1304,763.0
532,27,0.0042576841078698635,177.009,52.6,106.72,8.14,0,False,1333,763.0
533,28,0.00431808503344655,175.277,51.189,104.99,8.2,0,False,1317,763.0
534,28,0.004462019540369511,171.654,47.691,101.39,8.36,0,False,1304,763.0
535,28,0.004427271895110607,172.547,48.478,102.26,8.33,0,False,1333,763.0
536,28,0.004335017874836922,174.649,50.937,104.37,8.23,0,False,1332,763.0
537,28,0.0044220248237252235,172.764,48.524,102.47,8.28,0,False,1348,763.0
538,28,0.004346037749201059,174.904,50.173,104.63,8.22,0,False,1286,763.0
539,28,0.0044184112921357155,172.645,48.801,102.39,8.28,0,False,1332,763.0
540,28,0.00437119510024786,174.076,49.722,103.79,8.2,0,False,1344,763.0
541,28,0.004408292006701231,173.173,48.793,102.92,8.27,0,False,1302,763.0
542,28,0.004231629427522421,177.729,53.261,107.45,8.14,0,False,1281,763.0
543,28,0.0043746111914515495,173.916,49.705,103.64,8.26,0,False,1333,763.0
544,28,0.0043296110816299915,175.271,50.633,104.99,8.17,0,False,1335,763.0
545,28,0.004325826186686754,175.254,50.832,104.97,8.18,0,False,1347,763.0
546,28,0.004363920073956251,174.241,49.919,103.99,8.24,0,False,1335,763.0
547,28,0.004451723303645849,171.906,47.933,101.64,8.33,0,False,1335,763.0
548,28,0.004372964147478342,173.689,49.99,103.42,8.27,0,False,1317,763.0
549,28,0.004274224862456322,176.655,52.096,106.39,8.18,0,False,1332,763.0
550,28,0.004381068982183933,174.085,49.245,103.81,8.25,0,False,1332,763.0
551,28,0.004398741759359837,173.178,49.236,102.89,8.29,0,False,1335,763.0
552,29,0.004307855386286974,175.63,51.367,105.35,8.22,0,False,1306,763.0
553,29,0.004329416900873184,174.923,50.959,104.64,8.22,0,False,1335,763.0
554,29,0.004394768737256527,173.358,49.26,103.09,8.27,0,False,1326,763.0
555,29,0.0043958681635558605,173.018,49.516,102.73,8.28,0,False,1336,763.0
556,29,0.0044099329970777035,173.267,48.63,102.98,8.25,0,False,1335,763.0
557,29,0.004168890882283449,179.577,54.814,109.3,8.03,0,False,1353,763.0
558,29,0.004195022862404585,178.632,54.315,108.34,8.1,0,False,1336,763.0
559,29,0.004418037831783295,172.612,48.848,102.34,8.31,0,False,1332,763.0
560,29,0.004420692566782236,172.962,48.406,102.71,8.29,0,False,1335,763.0
561,29,0.004314202815294266,175.485,51.189,105.21,8.19,0,False,1335,763.0
562,29,0.0043734400533139706,173.91,49.767,103.65,8.24,0,False,1333,763.0
563,29,0.004418119788169861,172.928,48.557,102.65,8.28,0,False,1336,763.0
564,29,0.004240782931447029,177.913,52.629,107.65,8.09,0,False,1348,763.0
565,29,0.004344733897596598,174.661,50.457,104.41,8.23,0,False,1335,763.0
566,29,0.00431551318615675,175.28,51.311,105.0,8.2,0,False,1335,763.0
567,29,0.004369958303868771,173.919,49.924,103.63,8.27,0,False,1335,763.0
568,29,0.0042228419333696365,178.203,53.277,107.94,8.1,0,False,1323,763.0
569,29,0.0042115626856684685,178.493,53.59,108.22,8.07,0,False,1354,763.0
570,29,0.004401103593409061,173.115,49.182,102.87,8.29,0,False,1335,763.0
571,30,0.0043551246635615826,174.602,50.012,104.34,8.22,0,False,1340,763.0
572,30,0.004211846739053726,178.898,53.207,108.58,8.05,0,False,1335,763.0
573,30,0.004397894721478224,173.533,48.953,103.26,8.28,0,False,1294,763.0
574,30,0.004392476752400398,173.655,49.097,103.39,8.31,0,False,1335,763.0
575,30,0.004397843964397907,173.349,49.123,103.04,8.27,0,False,1335,763.0
576,30,0.004297127015888691,176.409,51.186,106.16,8.22,0,False,1348,763.0
577,30,0.004362515173852444,174.484,49.765,104.22,8.26,0,False,1335,763.0
578,30,0.004319561645388603,175.275,51.118,104.99,8.19,0,False,1334,763.0
579,30,0.004366494715213776,174.194,49.839,103.91,8.24,0,False,1358,763.0
580,30,0.004298698157072067,176.135,51.358,105.84,8.2,0,False,1335,763.0
581,30,0.004341102670878172,175.071,50.26,104.81,8.23,0,False,1335,763.0
582,30,0.004328157287091017,175.605,50.4,105.29,8.22,0,False,1335,763.0
583,30,0.004369785543531179,173.929,49.923,103.68,8.28,0,False,1332,763.0
584,30,0.0043529607355594635,174.498,50.21,104.23,8.25,0,False,1335,763.0
585,30,0.004386676009744406,174.033,49.028,103.74,8.27,0,False,1346,763.0
586,30,0.004385523498058319,173.65,49.43,103.34,8.3,0,False,1335,763.0
587,30,0.0043677943758666515,173.967,49.983,103.67,8.26,0,False,1335,763.0
588,30,0.004424224607646465,172.678,48.501,102.4,8.31,0,False,1335,763.0
589,30,0.004397501703351736,173.72,48.802,103.43,8.29,0,False,1294,763.0
590,31,0.00433097779750824,174.558,51.215,104.28,8.24,0,False,1335,763.0
591,31,0.004350508563220501,174.313,50.495,104.02,8.25,0,False,1332,763.0
592,31,0.00431296369060874,176.16,50.636,105.88,8.15,0,False,1335,763.0
593,31,0.004263915587216616,177.457,51.881,107.19,8.15,0,False,1303,763.0
594,31,0.004401819780468941,173.355,48.931,103.06,8.27,0,False,1335,763.0
595,31,0.004319192375987768,175.02,51.368,104.76,8.27,0,False,1333,763.0
596,31,0.0043324679136276245,175.035,50.709,104.76,8.23,0,False,1333,763.0
597,31,0.00433272123336792,175.185,50.561,104.9,8.2,0,False,1332,763.0
598,31,0.0044121695682406425,172.802,48.949,102.54,8.29,0,False,1335,763.0
599,31,0.004316824488341808,175.509,51.039,105.25,8.18,0,False,1335,763.0
600,31,0.0043746186420321465,173.978,49.649,103.66,8.29,0,False,1333,763.0
601,31,0.004343672655522823,174.761,50.417,104.46,8.25,0,False,1332,763.0
602,31,0.004485913086682558,170.919,47.274,100.64,8.38,0,False,1305,763.0
603,31,0.0043951766565442085,173.338,49.258,103.07,8.28,0,False,1335,763.0
604,31,0.004385768435895443,173.82,49.263,103.56,8.27,0,False,1334,763.0
605,31,0.004242983181029558,178.012,52.429,107.72,8.14,0,False,1349,763.0
606,31,0.004369943402707577,174.055,49.801,103.77,8.24,0,False,1335,763.0
607,31,0.004408152308315039,173.202,48.773,102.92,8.26,0,False,1332,763.0
608,31,0.0043761818669736385,174.059,49.501,103.75,8.25,0,False,1335,763.0
609,32,0.004344548564404249,174.735,50.398,104.45,8.21,0,False,1335,763.0
610,32,0.004334114026278257,174.917,50.737,104.62,8.27,0,False,1335,763.0
611,32,0.004208928439766169,178.362,53.844,108.11,8.15,0,False,1333,763.0
612,32,0.0044760918244719505,171.506,47.185,101.21,8.36,0,False,1335,763.0
613,32,0.004259433597326279,177.282,52.265,106.98,8.11,0,False,1336,763.0
614,32,0.004366104956716299,173.917,50.109,103.63,8.25,0,False,1334,763.0
615,32,0.0042523834854364395,176.849,53.012,106.56,8.16,0,False,1335,763.0
616,32,0.0043319882825016975,174.592,51.135,104.32,8.22,0,False,1286,763.0
617,32,0.004423908889293671,172.661,48.531,102.37,8.3,0,False,1297,763.0
618,32,0.004345219116657972,174.946,50.174,104.67,8.21,0,False,1349,763.0
619,32,0.0043167658150196075,175.708,50.861,105.46,8.23,0,False,1330,763.0
620,32,0.004353497177362442,174.277,50.385,103.98,8.29,0,False,1335,763.0
621,32,0.0043318551033735275,175.444,50.367,105.14,8.17,0,False,1335,763.0
622,32,0.0043944623321294785,173.3,49.326,103.06,8.29,0,False,1282,763.0
623,32,0.004141056444495916,180.537,55.406,110.25,8.05,0,False,1332,763.0
624,32,0.004076642915606499,182.547,57.048,112.29,8.01,0,False,1346,763.0
625,32,0.004376852419227362,173.746,49.754,103.47,8.26,0,False,1335,763.0
626,32,0.00432460755109787,175.021,51.104,104.74,8.22,0,False,1335,763.0
627,32,0.0043106297962367535,175.178,51.642,104.92,8.26,0,False,1336,763.0
628,33,0.004424755927175283,172.401,48.727,102.13,8.33,0,False,1333,763.0
629,33,0.004355532582849264,174.644,49.954,104.36,8.25,0,False,1335,763.0
630,33,0.004281460773199797,175.953,52.375,105.68,8.22,0,False,1333,763.0
631,33,0.0044229780323803425,172.56,48.666,102.31,8.34,0,False,1335,763.0
632,33,0.004339633509516716,175.012,50.384,104.72,8.2,0,False,1335,763.0
633,33,0.004277975298464298,175.982,52.522,105.7,8.26,0,False,1333,763.0
634,33,0.0043854983523488045,173.464,49.6,103.19,8.31,0,False,1335,763.0
635,33,0.004444926045835018,172.046,48.118,101.77,8.35,0,False,1330,763.0
636,33,0.00441190367564559,172.954,48.823,102.69,8.31,0,False,1303,763.0
637,33,0.004421939607709646,172.98,48.332,102.7,8.3,0,False,1335,763.0
638,33,0.004397332202643156,173.012,49.453,102.76,8.35,0,False,1334,763.0
639,33,0.004370028618723154,173.35,50.438,103.07,8.33,0,False,1412,763.0
640,33,0.004315798636525869,175.448,51.144,105.17,8.19,0,False,1338,763.0
641,33,0.004259592853486538,176.706,52.78,106.42,8.16,0,False,1286,763.0
642,33,0.00437081977725029,173.649,50.128,103.36,8.31,0,False,1335,763.0
643,33,0.004327690694481134,175.212,50.78,104.9,8.24,0,False,1281,763.0
644,33,0.004352967720478773,174.199,50.481,103.93,8.28,0,False,1335,763.0
645,33,0.00441946042701602,172.634,48.761,102.34,8.35,0,False,1344,763.0
646,33,0.004222466144710779,177.617,53.828,107.32,8.16,0,False,1338,763.0
647,34,0.004346189089119434,174.595,50.447,104.33,8.26,0,False,1349,763.0
648,34,0.004476094618439674,170.988,47.655,100.7,8.4,0,False,1286,763.0
649,34,0.004223992116749287,177.781,53.602,107.52,8.11,0,False,1295,763.0
650,34,0.004451486747711897,171.786,48.052,101.51,8.35,0,False,1329,763.0
651,34,0.004405319225043058,173.026,49.066,102.72,8.32,0,False,1281,763.0
652,34,0.00444461265578866,171.931,48.237,101.65,8.31,0,False,1333,763.0
653,34,0.00433743791654706,174.797,50.685,104.52,8.29,0,False,1330,763.0
654,34,0.004364451859146357,174.189,49.941,103.91,8.26,0,False,1334,763.0
655,34,0.004408478271216154,173.009,48.933,102.73,8.3,0,False,1287,763.0
656,34,0.0043607973493635654,174.258,50.052,103.96,8.23,0,False,1348,763.0
657,34,0.004401530604809523,173.177,49.106,102.89,8.29,0,False,1286,763.0
658,34,0.004435633774846792,172.119,48.48,101.83,8.3,0,False,1330,763.0
659,34,0.004384412430226803,173.461,49.654,103.18,8.29,0,False,1335,763.0
660,34,0.004474711138755083,171.436,47.311,101.15,8.35,0,False,1281,763.0
661,34,0.004352548625320196,174.511,50.218,104.22,8.24,0,False,1333,763.0
662,34,0.0043611712753772736,174.166,50.118,103.89,8.26,0,False,1289,763.0
663,34,0.004459356889128685,171.902,47.587,101.62,8.35,0,False,1329,763.0
664,34,0.0044569759629666805,171.598,47.972,101.31,8.34,0,False,1281,763.0
665,34,0.004391051363199949,173.435,49.364,103.16,8.28,0,False,1336,763.0
666,35,0.004350857809185982,174.44,50.363,104.17,8.22,0,False,1336,763.0
667,35,0.0044197808019816875,172.423,48.938,102.13,8.33,0,False,1329,763.0
668,35,0.004297644831240177,175.608,51.889,105.31,8.19,0,False,1282,763.0
669,35,0.004470406100153923,171.548,47.405,101.26,8.33,0,False,1281,763.0
670,35,0.004435664974153042,172.265,48.346,101.97,8.31,0,False,1333,763.0
671,35,0.004434334579855204,171.992,48.655,101.74,8.29,0,False,1281,763.0
672,35,0.0044457390904426575,172.27,47.877,101.98,8.33,0,False,1329,763.0
673,35,0.004450012464076281,172.022,47.906,101.74,8.35,0,False,1332,763.0
674,35,0.0044183447025716305,172.481,48.953,102.2,8.33,0,False,1333,763.0
675,35,0.004392570350319147,173.185,49.52,102.91,8.28,0,False,1335,763.0
676,35,0.004410547204315662,172.733,49.088,102.45,8.31,0,False,1331,763.0
677,35,0.004481515847146511,171.427,47.01,101.17,8.36,0,False,1329,763.0
678,35,0.004390285350382328,173.571,49.277,103.28,8.25,0,False,1335,763.0
679,35,0.004469465930014849,171.351,47.626,101.06,8.35,0,False,1330,763.0
680,35,0.004459974821656942,171.938,47.526,101.67,8.33,0,False,1281,763.0
681,35,0.004536282736808062,169.591,46.231,99.33,8.46,0,False,1286,763.0
682,35,0.004329996649175882,175.016,50.847,104.76,8.2,0,False,1332,763.0
683,35,0.004326461348682642,175.392,50.676,105.11,8.15,0,False,1329,763.0
684,35,0.004353780299425125,174.628,50.052,104.34,8.18,0,False,1330,763.0
685,36,0.004548652097582817,169.257,45.99,99.0,8.44,0,False,1282,763.0
686,36,0.00445241155102849,172.138,47.691,101.87,8.31,0,False,1330,763.0
687,36,0.004433175083249807,172.426,48.315,102.14,8.29,0,False,1335,763.0
688,36,0.004462366923689842,171.828,47.516,101.54,8.33,0,False,1330,763.0
689,36,0.004486242774873972,171.284,46.927,101.02,8.37,0,False,1349,763.0
690,36,0.004451991058886051,172.098,47.746,101.84,8.31,0,False,1332,763.0
691,36,0.004370866809040308,173.847,49.946,103.6,8.25,0,False,1282,763.0
692,36,0.004404393490403891,173.443,48.73,103.19,8.31,0,False,1333,763.0
693,36,0.004453581292182207,172.093,47.678,101.79,8.31,0,False,1281,763.0
694,36,0.004517741501331329,170.347,46.366,100.06,8.38,0,False,1281,763.0
695,36,0.00439342251047492,173.511,49.183,103.23,8.28,0,False,1347,763.0
696,36,0.0045243422500789165,169.987,46.4,99.7,8.42,0,False,1281,763.0
697,36,0.0044249072670936584,172.925,48.244,102.67,8.29,0,False,1330,763.0
698,36,0.00448306929320097,171.206,47.142,100.93,8.37,0,False,1281,763.0
699,36,0.0043954625725746155,173.385,49.202,103.1,8.23,0,False,1333,763.0
700,36,0.0044705686159431934,171.153,47.756,100.87,8.42,0,False,1282,763.0
701,36,0.004285091534256935,176.548,51.654,106.28,8.19,0,False,1330,763.0
702,36,0.004217182286083698,178.326,53.453,108.02,8.06,0,False,1349,763.0
703,36,0.0044118864461779594,173.06,48.727,102.76,8.3,0,False,1335,763.0
704,37,0.00442065903916955,172.902,48.463,102.61,8.32,0,False,1282,763.0
705,37,0.004387021530419588,173.708,49.307,103.4,8.26,0,False,1333,763.0
706,37,0.004395189229398966,174.181,48.491,103.91,8.24,0,False,1332,763.0
707,37,0.004536856897175312,169.942,45.886,99.67,8.42,0,False,1329,763.0
708,37,0.00447735795751214,171.301,47.313,101.03,8.32,0,False,1330,763.0
709,37,0.0043614525347948074,174.906,49.433,104.62,8.25,0,False,1333,763.0
710,37,0.004401769023388624,173.79,48.537,103.55,8.21,0,False,1330,763.0
711,37,0.004549579229205847,169.503,45.725,99.25,8.4,0,False,1281,763.0
712,37,0.0045373099856078625,169.6,46.177,99.31,8.39,0,False,1330,763.0
713,37,0.004377884324640036,174.183,49.307,103.9,8.26,0,False,1348,763.0
714,37,0.0044591715559363365,171.823,47.667,101.55,8.34,0,False,1281,763.0
715,37,0.004478356335312128,171.05,47.497,100.8,8.35,0,False,1281,763.0
716,37,0.004502962343394756,170.565,46.828,100.24,8.38,0,False,1282,763.0
717,37,0.004410812631249428,173.474,48.401,103.19,8.23,0,False,1330,763.0
718,37,0.004313341807574034,175.801,50.944,105.5,8.2,0,False,1371,763.0
719,37,0.004540434572845697,169.689,45.958,99.42,8.38,0,False,1282,763.0
720,37,0.004492431879043579,170.852,47.041,100.56,8.34,0,False,1281,763.0
721,37,0.004513906314969063,170.716,46.202,100.44,8.37,0,False,1281,763.0
722,37,0.004373547621071339,173.98,49.697,103.7,8.24,0,False,1330,763.0
723,38,0.004460107535123825,171.832,47.616,101.56,8.31,0,False,1331,763.0
724,38,0.004593756981194019,168.252,44.941,98.01,8.5,0,False,1281,763.0
725,38,0.004532062914222479,169.672,46.343,99.39,8.44,0,False,1329,763.0
726,38,0.004400002304464579,173.512,48.873,103.25,8.22,0,False,1281,763.0
727,38,0.004467333201318979,171.552,47.541,101.3,8.36,0,False,1330,763.0
728,38,0.00432422524318099,175.35,50.823,105.06,8.26,0,False,1349,763.0
729,38,0.004522826988250017,170.241,46.236,99.96,8.4,0,False,1282,763.0
730,38,0.004459716845303774,171.737,47.721,101.45,8.29,0,False,1281,763.0
731,38,0.004504174925386906,170.485,46.847,100.22,8.41,0,False,1281,763.0
732,38,0.004529942758381367,169.98,46.157,99.71,8.4,0,False,1281,763.0
733,38,0.004331668373197317,174.883,50.886,104.58,8.23,0,False,1282,763.0
734,38,0.004528587684035301,170.142,46.071,99.87,8.37,0,False,1349,763.0
735,38,0.0045048207975924015,170.717,46.607,100.43,8.37,0,False,1330,763.0
736,38,0.004523406270891428,169.875,46.543,99.59,8.4,0,False,1282,763.0
737,38,0.004556091967970133,169.214,45.702,98.94,8.46,0,False,1281,763.0
738,38,0.004501793999224901,170.896,46.579,100.61,8.35,0,False,1329,763.0
739,38,0.004472953267395496,171.467,47.363,101.19,8.36,0,False,1282,763.0
740,38,0.004490129183977842,170.921,47.081,100.65,8.37,0,False,1281,763.0
741,38,0.004535316955298185,169.713,46.163,99.44,8.41,0,False,1313,763.0
742,39,0.004270987585186958,177.333,51.641,107.07,8.09,0,False,1359,763.0
743,39,0.004504877142608166,170.86,46.474,100.59,8.37,0,False,1330,763.0
744,39,0.004539964254945517,169.807,45.872,99.54,8.41,0,False,1281,763.0
745,39,0.00458147656172514,168.746,45.022,98.45,8.43,0,False,1349,763.0
746,39,0.004490588791668415,171.164,46.84,100.9,8.33,0,False,1347,763.0
747,39,0.004529759753495455,169.862,46.273,99.59,8.38,0,False,1281,763.0
748,39,0.004391887690871954,173.725,49.062,103.45,8.28,0,False,1282,763.0
749,39,0.004492659587413073,171.08,46.823,100.84,8.3,0,False,1281,763.0
750,39,0.00457162456586957,169.246,44.995,98.97,8.42,0,False,1282,763.0
751,39,0.004485240671783686,171.06,47.176,100.8,8.34,0,False,1329,763.0
752,39,0.00452891830354929,170.231,45.975,99.96,8.41,0,False,1281,763.0
753,39,0.004528523422777653,170.038,46.168,99.8,8.4,0,False,1348,763.0
754,39,0.004418772179633379,172.7,48.734,102.45,8.29,0,False,1416,763.0
755,39,0.004352297633886337,174.667,50.088,104.41,8.23,0,False,1347,763.0
756,39,0.004453172907233238,171.628,48.119,101.33,8.35,0,False,1281,763.0
757,39,0.004477053415030241,171.654,47.007,101.38,8.32,0,False,1282,763.0
758,39,0.004454208072274923,171.933,47.794,101.63,8.32,0,False,1348,763.0
759,39,0.004485375247895718,170.723,47.476,100.47,8.37,0,False,1281,763.0
760,39,0.004502186551690102,170.571,46.857,100.28,8.36,0,False,1281,763.0
761,40,0.004102600738406181,181.646,56.456,111.37,8.02,0,False,1301,763.0
762,40,0.004525826312601566,170.063,46.265,99.8,8.4,0,False,1330,763.0
763,40,0.004487034399062395,171.115,47.045,100.81,8.31,0,False,1329,763.0
764,40,0.004433795809745789,172.309,48.392,102.03,8.38,0,False,1348,763.0
765,40,0.004407627508044243,173.018,48.965,102.76,8.28,0,False,1367,763.0
766,40,0.004393227864056826,173.093,49.573,102.83,8.3,0,False,1281,763.0
767,40,0.004460008814930916,172.042,47.43,101.75,8.36,0,False,1332,763.0
768,40,0.0044849771074950695,171.145,47.11,100.86,8.39,0,False,1282,763.0
769,40,0.004364948719739914,174.277,49.837,103.98,8.21,0,False,1330,763.0
770,40,0.004531713202595711,169.934,46.121,99.67,8.39,0,False,1281,763.0
771,40,0.004548351280391216,169.183,46.069,98.93,8.45,0,False,1329,763.0
772,40,0.004145558457821608,181.113,54.645,110.82,8.08,0,False,1335,763.0
773,40,0.004328969866037369,175.174,50.752,104.88,8.18,0,False,1329,763.0
774,40,0.004405205138027668,173.111,48.993,102.86,8.26,0,False,1330,763.0
775,40,0.004517645575106144,170.473,46.256,100.2,8.35,0,False,1330,763.0
776,40,0.0045661116018891335,168.811,45.63,98.53,8.44,0,False,1281,763.0
777,40,0.004501541145145893,170.556,46.9,100.28,8.4,0,False,1329,763.0
778,40,0.004515407606959343,170.328,46.488,100.08,8.36,0,False,1281,763.0
779,40,0.004419409669935703,172.824,48.591,102.53,8.32,0,False,1282,763.0
780,41,0.00440964475274086,173.48,48.451,103.23,8.28,0,False,1281,763.0
781,41,0.00454240757972002,169.594,45.958,99.33,8.43,0,False,1330,763.0
782,41,0.004500131588429213,170.595,46.928,100.32,8.36,0,False,1336,763.0
783,41,0.004376894794404507,173.955,49.561,103.68,8.31,0,False,1330,763.0
784,41,0.004527493845671415,170.257,46.014,99.97,8.39,0,False,1330,763.0
785,41,0.004510805010795593,170.75,46.309,100.5,8.34,0,False,1330,763.0
786,41,0.004300856962800026,176.092,51.291,105.83,8.21,0,False,1329,763.0
787,41,0.004517174791544676,169.709,46.971,99.45,8.4,0,False,1330,763.0
788,41,0.004484537057578564,170.97,47.29,100.71,8.36,0,False,1330,763.0
789,41,0.00453780684620142,169.712,46.054,99.39,8.42,0,False,1289,763.0
790,41,0.00439476128667593,173.527,49.106,103.27,8.25,0,False,1413,763.0
791,41,0.004432590678334236,172.316,48.442,102.04,8.34,0,False,1329,763.0
792,41,0.004494596738368273,170.482,47.279,100.23,8.43,0,False,1330,763.0
793,41,0.004458090756088495,171.784,47.752,101.48,8.31,0,False,1330,763.0
794,41,0.004497653804719448,171.216,46.474,100.94,8.35,0,False,1330,763.0
795,41,0.004553487058728933,169.558,45.503,99.26,8.45,0,False,1330,763.0
796,41,0.004528437275439501,169.881,46.315,99.6,8.4,0,False,1292,763.0
797,41,0.0045448425225913525,169.605,45.84,99.35,8.43,0,False,1282,763.0
798,41,0.004448165185749531,172.069,47.948,101.78,8.35,0,False,1330,763.0
799,42,0.004405495245009661,173.117,48.975,102.83,8.31,0,False,1329,763.0
800,42,0.004373698495328426,173.785,49.868,103.49,8.27,0,False,1329,763.0
801,42,0.004531010519713163,169.967,46.122,99.69,8.42,0,False,1371,763.0
802,42,0.004504392854869366,170.607,46.726,100.36,8.4,0,False,1333,763.0
803,42,0.004440926015377045,171.966,48.375,101.73,8.36,0,False,1292,763.0
804,42,0.0043640523217618465,173.921,50.203,103.65,8.29,0,False,1289,763.0
805,42,0.004587892442941666,168.237,45.207,97.97,8.47,0,False,1281,763.0
806,42,0.004520474001765251,170.1,46.469,99.83,8.43,0,False,1291,763.0
807,42,0.004347179550677538,174.773,50.237,104.52,8.24,0,False,1410,763.0
808,42,0.004504544660449028,170.278,47.018,100.03,8.43,0,False,1293,763.0
809,42,0.0045830560848116875,168.619,45.069,98.36,8.49,0,False,1285,763.0
810,42,0.004478690214455128,171.245,47.304,100.96,8.34,0,False,1339,763.0
811,42,0.004466481041163206,171.471,47.654,101.16,8.38,0,False,1281,763.0
812,42,0.0044021448120474815,173.191,49.064,102.89,8.29,0,False,1330,763.0
813,42,0.004477150272578001,171.241,47.377,100.95,8.38,0,False,1284,763.0
814,42,0.004588109906762838,168.701,44.776,98.43,8.44,0,False,1348,763.0
815,42,0.00447876937687397,171.313,47.239,101.04,8.37,0,False,1281,763.0
816,42,0.0044672368094325066,171.547,47.55,101.28,8.37,0,False,1329,763.0
817,42,0.004501424264162779,170.657,46.814,100.37,8.38,0,False,1339,763.0
818,43,0.004392262082546949,173.501,49.248,103.2,8.31,0,False,1374,763.0
819,43,0.004402497783303261,173.345,48.908,103.04,8.28,0,False,1282,763.0
820,43,0.0044939713552594185,170.649,47.156,100.38,8.43,0,False,1289,763.0
821,43,0.004518075846135616,170.353,46.346,100.07,8.41,0,False,1293,763.0
822,43,0.004426989238709211,172.806,48.256,102.55,8.3,0,False,1282,763.0
823,43,0.004423924721777439,172.524,48.654,102.23,8.32,0,False,1282,763.0
824,43,0.00448866281658411,170.915,47.153,100.66,8.36,0,False,1293,763.0
825,43,0.004309740848839283,175.796,51.125,105.52,8.19,0,False,1312,763.0
826,43,0.0044374470598995686,172.406,48.135,102.16,8.32,0,False,1335,763.0
827,43,0.00445191003382206,171.625,48.18,101.32,8.37,0,False,1288,763.0
828,43,0.004453765694051981,171.682,48.043,101.4,8.36,0,False,1349,763.0
829,43,0.004582034889608622,169.069,44.704,98.8,8.48,0,False,1286,763.0
830,43,0.004502598196268082,170.587,46.824,100.31,8.39,0,False,1304,763.0
831,43,0.00453743152320385,170.005,45.803,99.7,8.39,0,False,1282,763.0
832,43,0.004387513734400272,173.545,49.431,103.27,8.3,0,False,1294,763.0
833,43,0.004535959102213383,169.751,46.1,99.48,8.45,0,False,1281,763.0
834,43,0.004502792377024889,170.841,46.585,100.55,8.4,0,False,1349,763.0
835,43,0.004495183937251568,170.773,46.988,100.5,8.35,0,False,1373,763.0
836,43,0.004537960980087519,169.484,46.254,99.24,8.43,0,False,1327,763.0
837,44,0.00448301387950778,170.847,47.471,100.56,8.38,0,False,1289,763.0
838,44,0.004470057785511017,171.474,47.488,101.2,8.36,0,False,1330,763.0
839,44,0.004575215280056,168.873,45.178,98.6,8.46,0,False,1282,763.0
840,44,0.004472906235605478,171.616,47.229,101.37,8.34,0,False,1330,763.0
841,44,0.004433471243828535,172.461,48.269,102.19,8.31,0,False,1329,763.0
842,44,0.004467477556318045,171.609,47.482,101.35,8.36,0,False,1281,763.0
843,44,0.004413119051605463,172.958,48.763,102.66,8.29,0,False,1329,763.0
844,44,0.004302683286368847,175.997,51.287,105.74,8.17,0,False,1349,763.0
845,44,0.004559410270303488,169.283,45.494,98.99,8.45,0,False,1289,763.0
846,44,0.004545592702925205,169.796,45.634,99.51,8.4,0,False,1304,763.0
847,44,0.004520629532635212,170.406,46.183,100.13,8.4,0,False,1282,763.0
848,44,0.004452697467058897,171.705,48.071,101.44,8.4,0,False,1290,763.0
849,44,0.004399378318339586,173.291,49.104,103.05,8.28,0,False,1308,763.0
850,44,0.004475501365959644,171.644,47.087,101.36,8.38,0,False,1304,763.0
851,44,0.004478085786104202,171.261,47.317,100.98,8.36,0,False,1284,763.0
852,44,0.004488150589168072,171.05,47.054,100.77,8.32,0,False,1348,763.0
853,44,0.004494357854127884,170.855,46.952,100.58,8.41,0,False,1289,763.0
854,44,0.004393268376588821,173.633,49.08,103.37,8.3,0,False,1281,763.0
855,44,0.004510154947638512,170.545,46.524,100.26,8.4,0,False,1282,763.0
856,45,0.004548839293420315,169.52,45.742,99.28,8.46,0,False,1288,763.0
857,45,0.004466643091291189,171.609,47.52,101.31,8.35,0,False,1304,763.0
858,45,0.004494641441851854,170.908,46.89,100.59,8.36,0,False,1304,763.0
859,45,0.004474810790270567,171.63,47.13,101.35,8.36,0,False,1330,763.0
860,45,0.004459226969629526,172.009,47.495,101.71,8.33,0,False,1299,763.0
861,45,0.004456616938114166,172.022,47.603,101.72,8.3,0,False,1305,763.0
862,45,0.004368902184069157,174.735,49.232,104.45,8.21,0,False,1348,763.0
863,45,0.00452222628518939,170.005,46.477,99.7,8.43,0,False,1313,763.0
864,45,0.004466245416551828,171.583,47.562,101.29,8.38,0,False,1281,763.0
865,45,0.0044655948877334595,171.805,47.391,101.54,8.32,0,False,1330,763.0
866,45,0.004434082191437483,171.965,48.692,101.69,8.33,0,False,1342,763.0
867,45,0.004506656900048256,170.482,46.738,100.21,8.44,0,False,1330,763.0
868,45,0.004504485987126827,170.826,46.523,100.57,8.4,0,False,1329,763.0
869,45,0.004348128568381071,175.059,49.932,104.75,8.22,0,False,1282,763.0
870,45,0.004487066064029932,171.16,47.003,100.89,8.34,0,False,1288,763.0
871,45,0.004522208124399185,170.385,46.132,100.07,8.42,0,False,1289,763.0
872,45,0.004395735915750265,173.599,48.995,103.3,8.3,0,False,1290,763.0
873,45,0.004331525415182114,175.283,50.529,104.98,8.24,0,False,1304,763.0
874,45,0.004258368164300919,177.113,52.472,106.82,8.23,0,False,1369,763.0
875,46,0.004445645958185196,172.093,48.042,101.82,8.35,0,False,1288,763.0
876,46,0.004550795536488295,169.427,45.74,99.17,8.43,0,False,1329,763.0
877,46,0.004454127047210932,172.426,47.35,102.16,8.32,0,False,1348,763.0
878,46,0.004219008143991232,178.17,53.502,107.89,8.19,0,False,1329,763.0
879,46,0.004486029502004385,171.193,47.02,100.88,8.37,0,False,1356,763.0
880,46,0.004566647112369537,169.313,45.151,99.06,8.46,0,False,1289,763.0
881,46,0.004458682145923376,172.038,47.494,101.78,8.39,0,False,1282,763.0
882,46,0.004351960029453039,174.936,49.86,104.69,8.27,0,False,1354,763.0
883,46,0.0045012920163571835,170.865,46.63,100.53,8.41,0,False,1288,763.0
884,46,0.00446490989997983,171.764,47.459,101.47,8.35,0,False,1329,763.0
885,46,0.004501743242144585,170.958,46.526,100.69,8.43,0,False,1289,763.0
886,46,0.004509869497269392,170.419,46.651,100.14,8.41,0,False,1329,763.0
887,46,0.0045820544473826885,168.415,45.298,98.16,8.51,0,False,1289,763.0
888,46,0.004520072136074305,170.393,46.22,100.14,8.41,0,False,1330,763.0
889,46,0.004397349897772074,173.641,48.881,103.37,8.28,0,False,1329,763.0
890,46,0.004526162054389715,170.241,46.088,99.95,8.42,0,False,1301,763.0
891,46,0.004477678332477808,171.375,47.232,101.11,8.41,0,False,1348,763.0
892,46,0.00458427332341671,168.953,44.713,98.68,8.47,0,False,1349,763.0
893,46,0.004579002037644386,168.95,44.944,98.69,8.46,0,False,1288,763.0
894,47,0.004575896076858044,168.708,45.299,98.45,8.52,0,False,1281,763.0
895,47,0.004451962187886238,171.723,48.088,101.47,8.31,0,False,1289,763.0
896,47,0.0020876945927739143,298.976,163.655,228.71,7.24,0,False,2619,763.0
897,47,0.004463335499167442,171.824,47.476,101.53,8.36,0,False,1349,763.0
898,47,0.004538357257843018,169.561,46.166,99.29,8.43,0,False,1281,763.0
899,47,0.004505267832428217,170.764,46.544,100.47,8.41,0,False,1282,763.0
900,47,0.004425322636961937,172.547,48.569,102.24,8.3,0,False,1329,763.0
901,47,0.0044669779017567635,171.575,47.536,101.33,8.34,0,False,1329,763.0
902,47,0.004453313536942005,171.9,47.865,101.64,8.32,0,False,1281,763.0
903,47,0.004521009977906942,170.203,46.351,99.9,8.41,0,False,1281,763.0
904,47,0.004474275279790163,171.651,47.135,101.34,8.38,0,False,1353,763.0
905,47,0.004400959238409996,173.156,49.152,102.87,8.25,0,False,1282,763.0
906,47,0.004430804401636124,172.069,48.748,101.8,8.37,0,False,1329,763.0
907,47,0.004553772043436766,169.768,45.3,99.49,8.44,0,False,1313,763.0
908,47,0.004490697290748358,171.218,46.786,100.93,8.41,0,False,1292,763.0
909,47,0.004529119934886694,169.94,46.231,99.69,8.43,0,False,1348,763.0
910,47,0.004537750035524368,169.872,45.911,99.61,8.4,0,False,1284,763.0
911,47,0.004547229036688805,169.679,45.668,99.42,8.43,0,False,1290,763.0
912,47,0.004533953499048948,169.67,46.262,99.42,8.44,0,False,1349,763.0
913,48,0.0046146828681230545,167.758,44.493,97.53,8.55,0,False,1358,763.0
914,48,0.004532359074801207,170.321,45.74,100.05,8.4,0,False,1289,763.0
915,48,0.004430611152201891,172.807,48.087,102.5,8.32,0,False,1347,763.0
916,48,0.004438919015228748,172.216,48.24,101.91,8.36,0,False,1281,763.0
917,48,0.004546277690678835,169.709,45.683,99.41,8.48,0,False,1358,763.0
918,48,0.004531688988208771,170.168,45.91,99.89,8.43,0,False,1314,763.0
919,48,0.0045213098637759686,169.831,46.676,99.55,8.45,0,False,1282,763.0
920,48,0.004441272467374802,172.041,48.291,101.78,8.32,0,False,1284,763.0
921,48,0.004526567179709673,169.992,46.296,99.75,8.46,0,False,1275,763.0
922,48,0.004499173257499933,171.145,46.471,100.86,8.35,0,False,1281,763.0
923,48,0.004555112682282925,169.448,45.532,99.17,8.45,0,False,1337,763.0
924,48,0.0045328084379434586,169.963,46.046,99.7,8.4,0,False,1338,763.0
925,48,0.004472334869205952,171.518,47.345,101.23,8.39,0,False,1357,763.0
926,48,0.0044607361778616905,172.163,47.287,101.91,8.34,0,False,1301,763.0
927,48,0.004514880944043398,170.401,46.444,100.14,8.43,0,False,1337,763.0
928,48,0.004435365553945303,172.257,48.367,101.99,8.34,0,False,1338,763.0
929,48,0.004518851637840271,170.286,46.372,100.01,8.42,0,False,1358,763.0
930,48,0.00453790370374918,170.062,45.731,99.76,8.41,0,False,1293,763.0
931,48,0.004575218074023724,169.076,44.993,98.85,8.45,0,False,1353,763.0
